LogP,Weight,Rotatable Bonds,Aromatic Proportion,LogS
-3.1080199999999985,457.4320000000001,7,0.1875,1.0880883734583062
2.840320000000001,201.22500000000002,2,0.7333333333333333,-0.11925394929238488
2.878000000000001,152.237,4,0.0,0.47248695197672846
6.299400000000004,278.354,0,1.0,-2.3001054967116175
1.7480999999999998,84.14299999999999,0,1.0,0.8208505470787065
2.2962999999999996,135.191,0,1.0,0.7397247783563281
6.620600000000001,326.437,1,0.7058823529411765,-2.037639774374511
3.6092000000000026,272.388,0,0.3,-0.9448279486436482
4.481400000000002,380.913,0,0.0,-1.5461130579977473
3.7033000000000023,394.42300000000023,3,0.41379310344827586,-0.6537296020515841
-0.10360000000000008,85.10600000000001,0,0.0,1.9661555172769907
3.4932000000000016,162.61899999999997,0,0.9090909090909091,-0.5201106888617842
1.9725,70.135,2,0.0,0.1766165013421717
0.5378999999999994,218.256,2,0.375,0.1957049175121431
5.707400000000006,198.39399999999995,11,0.0,-2.343054433094053
1.6336,78.542,0,0.0,0.7826737147387638
1.0248,88.14999999999999,2,0.0,1.2312514947330917
1.5582799999999999,103.12399999999997,0,0.75,0.9783299804809706
3.5847200000000026,304.35200000000003,7,0.3157894736842105,-0.28150548673714193
3.5079000000000025,172.312,8,0.0,0.05254179623735768
6.620600000000001,326.437,1,0.7058823529411765,-2.090132918841932
1.5305,234.29899999999995,1,0.35294117647058826,-0.7367642123909596
3.727700000000003,260.38599999999997,8,0.0,-0.5057943767343059
2.0437,179.219,3,0.46153846153846156,0.3340959347444358
2.9502000000000006,322.243,5,0.2727272727272727,-1.1548005265133334
1.9491,116.204,5,0.0,0.5917895530390497
-1.039700000000001,180.16699999999997,0,0.6923076923076923,0.7922179228237495
0.9389999999999998,212.249,4,0.0,0.6628939032721932
6.187900000000003,318.0300000000001,2,0.6666666666666666,-1.8372114045898114
2.5199000000000007,158.24099999999999,6,0.0,-0.05721659673997787
2.811400000000001,134.22199999999998,2,0.6,-0.33399863120456325
4.506300000000004,288.44,7,0.0,-0.8135950874750947
3.784220000000002,300.314,3,0.5454545454545454,-0.8374556076875588
1.9352,96.94399999999999,0,0.0,0.6729153217614282
3.566220000000002,180.25000000000003,0,0.8571428571428571,-1.0354979254510122
1.3755,86.13399999999999,3,0.0,1.0499115411183633
3.430200000000002,169.227,2,0.9230769230769231,-0.21660487175923912
3.2604000000000024,253.367,6,0.35294117647058826,-0.4184648727566867
4.198300000000004,353.4900000000001,9,0.0,-0.5248827929042774
3.3918000000000026,226.101,5,0.0,-0.8398416597088052
4.007000000000002,188.657,1,0.9230769230769231,-0.8732463880062553
0.9449,86.134,3,0.0,1.3839588240928629
-0.4773,168.15200000000002,0,0.0,0.665757165697689
2.439500000000001,156.269,1,0.0,0.24819806197956462
0.5678,88.106,2,0.0,1.1548978300532062
1.9475000000000002,116.20399999999998,4,0.0,0.7158642581438638
2.4074999999999998,214.06199999999998,1,0.5454545454545454,-0.015699291570290194
1.5771999999999997,266.098,1,0.8,-0.036696549357258544
2.1756,346.33900000000017,4,0.24,-0.815981139496341
2.8516400000000006,157.216,0,0.8333333333333334,0.5297522004866427
2.5900000000000007,110.19999999999999,4,0.0,-0.2910496948221276
1.2491999999999999,236.27099999999993,2,0.0,0.41999380750930715
5.146200000000003,228.29399999999998,0,1.0,-2.389343842306234
1.5785200000000001,261.11899999999997,2,0.42857142857142855,0.25153853480930943
7.274000000000001,360.88200000000006,1,0.6666666666666666,-2.6484690918135954
1.70062,108.13999999999999,0,0.75,1.1596699340956989
3.468700000000003,128.259,2,0.0,-0.9543721567286337
3.456640000000002,156.228,0,0.8333333333333334,-0.5201106888617842
5.454620000000004,242.321,0,0.9473684210526315,-1.6797319711875471
1.3755,86.13399999999999,2,0.0,1.3648704079228915
8.580799999999998,429.77200000000016,1,0.6,-2.9109348141507025
1.3496000000000001,116.15999999999998,3,0.0,1.064227853245842
0.6204999999999998,394.43900000000014,2,0.0,-0.30059390290711335
0.9743999999999999,109.12799999999999,0,0.75,1.0737720613308277
1.1077,260.253,5,0.5789473684210527,0.11457914878976468
5.505100000000005,366.84400000000016,2,0.46153846153846156,-1.374794522872254
1.803,229.71499999999997,5,0.4,-0.4819338565218414
-0.4245000000000001,123.11499999999998,1,0.6666666666666666,1.1372410450959827
1.1349999999999998,237.09699999999998,3,0.0,0.1766165013421717
4.660400000000002,223.102,1,0.8571428571428571,-1.0593584456634764
0.07349999999999995,238.15899999999996,3,0.29411764705882354,-0.1574307816323277
4.693900000000003,284.09799999999996,3,0.6666666666666666,-1.1500284224708406
2.401700000000001,152.237,0,0.0,0.520207992401657
0.8664999999999998,244.25,3,0.3333333333333333,0.3250289370636993
1.7397,130.18699999999998,4,0.0,0.3818169751693643
1.5956000000000001,130.18699999999998,3,0.0,0.5392964085716284
3.5630000000000024,380.444,8,0.42857142857142855,-1.3533200546810362
5.313800000000001,257.547,1,0.8,-1.4124941448079473
1.7913000000000001,122.993,1,0.0,0.6299663853789925
3.653400000000003,342.2260000000001,5,0.5,-0.21135555731249714
0.8516999999999999,257.27299999999997,6,0.0,0.503505628252932
0.7282199999999999,146.15299999999996,0,0.9090909090909091,1.2331603363500887
-0.8113000000000001,76.12400000000001,0,0.0,1.6082477140900269
2.30344,106.16799999999999,0,0.75,0.1336675649597361
2.811400000000001,134.22199999999998,2,0.6,-0.10970974120739917
3.7268,236.74,0,0.0,-0.2958217988646204
6.627980000000005,451.46900000000005,9,0.5454545454545454,-1.8257583548878284
0.6731,89.09399999999998,2,0.0,1.0737720613308277
2.6477000000000013,154.253,1,0.0,0.3340959347444358
3.458700000000001,273.723,1,0.631578947368421,-1.1023073820459124
2.901600000000001,192.00100000000003,1,0.5454545454545454,-0.20515182205725627
1.5159999999999998,254.35500000000002,5,0.0,-0.19560761397227056
4.487200000000002,202.25599999999997,0,1.0,-1.4077220407654545
1.8214000000000001,102.17699999999998,3,0.0,0.8160784430362137
3.456640000000002,156.22799999999998,0,0.8333333333333334,-0.5916922494991772
4.828600000000005,268.356,4,0.6,-0.48670596056433457
4.043559999999999,265.914,0,0.42857142857142855,-1.2359262952357117
5.967200000000002,291.992,1,0.75,-2.004235046077061
1.7579,120.15099999999995,1,0.6666666666666666,0.6920037379313996
2.8100000000000014,120.19499999999995,1,0.6666666666666666,-0.10493763716490642
3.695900000000003,330.4680000000001,2,0.0,-0.1908355099297778
4.2434,267.93,0,0.7142857142857143,-1.135712110343362
-2.5823000000000005,150.13,0,0.0,1.641652442387477
1.4215,84.93299999999999,0,0.0,1.1548978300532062
3.4022000000000023,156.22799999999998,1,0.8333333333333334,-0.5344270009892629
-0.2108000000000001,60.05200000000001,1,0.0,1.732322419194841
1.3004000000000002,139.10999999999999,1,0.6,0.6251942813364997
-0.6283800000000002,126.115,0,0.6666666666666666,0.7368615159308324
1.6622999999999999,58.123999999999995,0,0.0,0.2386538538945789
-1.8566000000000003,268.22900000000004,2,0.47368421052631576,0.8685715875036351
2.4730799999999995,370.91499999999996,0,0.5454545454545454,-0.26718917460966324
3.8595000000000006,327.1230000000001,3,0.5714285714285714,-0.787348515241384
2.1965000000000003,72.151,2,0.0,-0.06198870078247083
1.3922,94.11299999999999,0,0.8571428571428571,1.4555403847302557
3.5752000000000015,193.249,0,0.9333333333333333,-1.011637405238548
-1.0397,180.16699999999997,0,0.6923076923076923,0.25153853480930943
2.2348,129.16199999999998,0,1.0,0.7635852985687924
4.331900000000004,367.86,7,0.2857142857142857,-0.6594561269025758
3.809400000000003,162.276,5,0.5,-1.0307258214085193
4.007000000000002,188.657,1,0.9230769230769231,-0.7109948505614985
2.3626000000000005,84.16199999999999,2,0.0,0.009592859854922094
2.9345000000000017,114.23199999999999,2,0.0,-0.8350695556663125
4.9536,250.339,0,0.5454545454545454,-1.240698399278205
1.3003999999999998,139.10999999999999,1,0.6,0.9735578764384779
3.9230000000000036,140.26999999999998,7,0.0,-1.1738889426833048
0.044299999999999784,218.20499999999998,5,0.0,1.1692141421806845
1.89922,209.29299999999998,4,0.4,0.3865890792118571
6.317080000000003,434.29400000000015,6,0.41379310344827586,-2.045752351246749
1.0816,79.10199999999998,0,1.0,1.8182202919597121
3.351700000000002,179.101,5,0.0,-0.6585017060940769
1.69844,107.15599999999999,0,0.75,1.6273361302599982
1.8737,380.45600000000013,2,0.0,-0.18129130184479209
2.6579000000000006,225.313,4,0.4,0.45817063984925
0.5027,160.16899999999998,4,0.0,1.064227853245842
3.308900000000002,136.238,1,0.0,-0.5773759373716985
2.1753,118.17899999999997,0,0.6666666666666666,0.004820755812429133
2.689700000000001,150.22099999999998,0,0.5454545454545454,0.30546331048947867
-0.8674000000000002,154.125,0,0.0,0.5555215623161042
2.9446000000000003,238.45499999999998,0,0.75,-0.23855655035470613
3.6023000000000014,207.07,0,0.9090909090909091,-0.620324873754134
1.9725,70.135,1,0.0,0.24342595793707164
1.69844,107.156,0,0.75,1.670285066642434
2.5017000000000005,131.389,0,0.0,0.520207992401657
2.4220000000000006,143.189,0,0.9090909090909091,0.5392964085716284
2.30344,106.16799999999999,0,0.75,0.10980704474727193
0.1253999999999998,148.125,0,0.9090909090909091,0.5264117276568977
-0.3915,32.042,0,0.0,2.204760719401633
1.1849999999999998,226.27599999999998,4,0.0,0.27778510704302023
0.9854,72.107,1,0.0,1.703689794939884
-0.7977000000000001,130.078,0,0.6666666666666666,0.9415847793537757
-1.3750000000000007,266.257,2,0.47368421052631576,0.5249800964441499
1.0977999999999999,110.11199999999998,0,0.75,1.8420808121721766
1.559,102.17699999999999,4,0.0,0.8637994834611422
2.415400000000001,106.596,3,0.0,0.1527559811297075
1.3584,54.09199999999999,1,0.0,0.5631569287840926
0.9595,102.13299999999998,2,0.0,1.1119488936707707
2.271,148.205,0,0.5454545454545454,0.5058916802741784
-0.2895000000000001,93.513,1,0.0,1.44599617664527
4.494100000000002,413.0,4,0.375,-1.7035924914000113
2.6484200000000007,126.586,0,0.75,-0.014267660357542285
0.3714999999999997,214.29399999999998,1,0.42857142857142855,0.38038534395661644
6.256760000000005,368.3690000000001,6,0.6923076923076923,-1.4124941448079473
1.7656,100.16099999999999,4,0.0,0.835166859206185
2.2257,193.24599999999998,4,0.42857142857142855,-0.01522208116604075
2.35452,255.277,0,0.631578947368421,0.0033891245996812234
2.6714000000000016,154.253,4,0.0,0.2816027902770145
4.660400000000002,223.102,1,0.8571428571428571,-1.0641305497059694
4.343200000000004,408.498,10,0.4,-1.6573030821878305
0.2829999999999999,75.067,1,0.0,1.350554095795413
3.9242000000000035,333.266,6,0.2608695652173913,-1.4668961308923658
4.3002,215.894,0,0.6,-0.7253111626889771
0.9834000000000005,218.25299999999996,6,0.0,0.5932211842517976
4.515300000000004,316.48500000000007,1,0.0,-0.76348799502892
1.0512000000000001,141.939,0,0.0,0.9783299804809706
1.0414999999999999,281.35200000000003,3,0.0,0.9162926279285636
3.9531000000000027,394.471,9,0.41379310344827586,-1.5513623724444894
2.3218000000000005,138.20999999999998,0,0.0,0.9496973562260135
0.7948999999999993,212.24899999999997,3,0.0,0.31500751857446435
2.935900000000001,142.242,6,0.0,0.22433754176710025
1.771,217.268,2,0.375,0.3402996699996764
2.442500000000001,86.178,2,0.0,-0.30059390290711335
6.372000000000007,376.49600000000004,9,0.6428571428571429,-2.6484690918135954
3.0025400000000015,250.30100000000002,1,0.8421052631578947,0.059699952301097016
0.74878,75.498,0,0.0,1.4116370275393213
5.391500000000002,333.60400000000004,5,0.35294117647058826,-1.2893738605116323
3.8826000000000027,312.45300000000003,0,0.0,-1.2454705033206976
0.4765999999999999,80.08999999999999,0,1.0,1.980471829404469
4.3002,215.894,0,0.6,-0.753943786943934
5.508800000000006,414.63000000000017,0,0.0,-2.037639774374511
0.9743999999999999,109.12799999999999,0,0.75,1.1119488936707707
3.3001000000000023,186.295,8,0.0,-0.3578591514170274
1.8443399999999999,279.336,5,0.3,0.6915265275271504
2.192,209.24499999999998,3,0.4,0.4772590560192214
2.0237,92.569,1,0.0,0.520207992401657
2.5454,144.17299999999997,0,0.9090909090909091,0.3675006630418859
4.217000000000003,345.22600000000017,3,0.5,-1.2626500778736722
1.8098,82.14599999999999,2,0.0,0.32932383070194304
2.980100000000002,124.22699999999999,5,0.0,-0.567831729286713
2.6484200000000007,126.586,0,0.75,-0.2242402382272277
1.8197999999999999,102.17699999999999,2,0.0,0.9306089400560421
1.6838000000000002,248.307,2,0.7058823529411765,-0.020948606017032176
-0.9205000000000001,46.073,0,0.0,2.0950023264242974
0.6395,40.065000000000005,0,0.0,1.2598841189880488
3.2283800000000014,298.304,7,0.3157894736842105,-0.8646566007297682
2.3388,281.314,7,0.0,-0.1707926729513077
0.37129999999999996,56.064,1,0.0,1.7275503151523481
-0.35380000000000006,136.114,0,0.9,0.3598652965738973
1.9403999999999997,145.161,0,0.9090909090909091,0.42476591155179994
1.8256999999999999,96.10399999999998,0,0.8571428571428571,0.5965616570815425
1.6352,78.542,1,0.0,0.7540410904838066
0.5694,88.106,1,0.0,1.4364519685602843
2.832600000000001,100.20499999999998,1,0.0,-0.6250969777966272
3.2287000000000017,148.249,0,0.5454545454545454,-0.45330123226688446
2.7441000000000013,154.253,0,0.0,0.6729153217614282
4.7938000000000045,314.46600000000007,15,0.0,-0.4036713502249588
4.660400000000002,223.102,1,0.8571428571428571,-1.674959867145054
1.69844,107.156,0,0.75,1.636880338344984
2.4879000000000007,150.22099999999998,1,0.0,0.47248695197672846
5.420300000000004,342.875,8,0.3333333333333333,-1.2817384940436436
1.338599999999999,588.5620000000001,5,0.2857142857142857,-0.2485779688439413
5.737200000000003,252.31599999999997,0,1.0,-2.74582001428045
1.8114200000000005,182.135,2,0.46153846153846156,0.10980704474727193
3.6023000000000014,207.07000000000002,0,0.9090909090909091,-0.6441853939665987
1.6262,221.26,3,0.375,0.3388680387869287
0.42839999999999984,162.15200000000002,1,0.8333333333333334,0.91199773429032
2.6512200000000004,266.30400000000003,1,0.6,-0.06676080482496358
3.1887000000000016,313.747,7,0.2777777777777778,-0.29009527401362895
1.7485,68.11900000000001,1,0.0,0.48680326410420716
2.6698000000000013,154.253,4,0.0,0.5058916802741784
3.6130200000000023,278.335,5,0.375,-0.7253111626889771
1.3114,100.161,0,0.0,1.2455678068605702
-0.06520000000000037,182.17899999999997,2,0.0,0.9019763158010851
3.959100000000003,290.447,0,0.0,-0.5296548969467701
-3.5854000000000004,182.172,5,0.0,1.4841730089852128
3.662020000000002,168.239,1,0.9230769230769231,-0.7491716829014412
1.7770999999999997,215.68800000000002,4,0.42857142857142855,-0.3817196716294918
1.3421,152.22199999999998,1,0.6,0.6108779692090212
2.1557000000000004,114.18799999999999,4,0.0,0.835166859206185
1.6215,100.16099999999999,0,0.0,1.1119488936707707
2.0456,128.558,0,0.75,1.1214931017557561
1.5196,98.14500000000001,0,0.0,1.1692141421806845
1.5772199999999998,107.156,0,0.75,1.0499115411183633
1.88018,144.388,0,0.0,0.42094822831780565
2.9464000000000006,303.67100000000005,2,0.6,-0.4752529108623517
3.3260000000000023,156.269,7,0.0,-0.11925394929238488
2.1914999999999996,243.74200000000002,5,0.375,-0.35070099535328825
1.4455,165.19199999999998,2,0.5,0.20715796721412597
3.6468000000000007,181.449,0,0.6666666666666666,-0.25764496652467755
4.233520000000003,343.2170000000001,1,0.7391304347826086,-0.4962501686493201
1.0977999999999999,110.11199999999998,0,0.75,1.7514108353648123
2.2245999999999997,254.29299999999998,1,0.631578947368421,0.20524912559712882
0.9792,62.137,0,0.0,1.2407957028180774
2.7575200000000013,171.03699999999998,0,0.75,0.39136118325435004
0.10160000000000013,89.09400000000001,1,0.0,1.861169228342148
4.575300000000004,384.5160000000002,2,0.0,-1.097535278003419
1.6593,116.20399999999998,2,0.0,0.8733436915461279
2.839800000000001,128.17399999999995,0,1.0,-0.2624170705671705
2.1184,121.18299999999995,2,0.6666666666666666,0.6442826975064712
1.7695999999999998,252.27300000000002,2,0.631578947368421,-0.49959064147906534
5.763040000000005,256.348,0,0.9,-1.894476653099725
3.878200000000003,393.85400000000016,8,0.2608695652173913,-1.5699735782102113
5.205900000000002,345.6529999999999,4,0.5714285714285714,-1.832439300547318
4.511700000000001,381.1120000000001,2,0.5,-2.0185513582045393
3.172900000000002,366.41700000000003,7,0.4444444444444444,-0.7768498863478998
2.4335000000000004,198.653,1,0.46153846153846156,0.07640231644982184
2.492400000000001,301.296,4,0.7727272727272727,-0.15265867758983495
1.7620999999999996,478.51300000000026,4,0.0,-0.5153385848192915
2.1814,137.01999999999998,2,0.0,0.3245517266594501
4.7366,393.69800000000004,0,0.6,-1.875388236929754
1.6215,100.16099999999999,2,0.0,1.1024046855857845
3.5141000000000027,215.36199999999994,3,0.0,-0.16697498971731342
2.3486000000000002,142.585,1,0.6666666666666666,0.12889546091724335
6.490180000000005,505.20600000000024,6,0.42857142857142855,-2.553981431772238
0.9609999999999999,224.26,4,0.0,0.493484209763697
2.7993200000000007,277.238,5,0.35294117647058826,-0.4723896484368559
3.4444000000000017,254.07000000000002,0,0.9090909090909091,-0.7157669546039912
-3.5854000000000004,182.172,5,0.0,1.9756997253619764
0.9360999999999999,62.137,0,0.0,1.1692141421806845
2.0289,133.405,1,0.0,0.7492689864413138
2.2411200000000004,245.282,2,0.6111111111111112,0.45817063984925
0.49110000000000004,137.13799999999998,1,0.6,0.5870174489965568
1.9032200000000001,137.138,1,0.6,0.3436401428294215
0.6507999999999994,212.249,2,0.0,0.13557640657673325
2.5574200000000005,120.19499999999996,1,0.6666666666666666,-0.07630501290994929
3.1956000000000016,134.65,5,0.0,-0.45330123226688446
0.15879999999999939,184.19499999999996,2,0.0,0.3102354145319716
3.4718000000000018,182.266,3,0.8571428571428571,-0.7491716829014412
2.5938,167.85,1,0.0,0.6251942813364997
3.122320000000001,283.331,2,0.5714285714285714,-1.0035248283663099
4.301420000000003,192.261,0,0.9333333333333333,-1.3313683760855688
3.600400000000003,278.348,8,0.3,-0.6441853939665987
4.014400000000001,261.919,1,0.46153846153846156,-0.46284544035187
2.3950000000000005,299.6909999999999,8,0.0,1.7051214261526317
3.7375000000000025,268.356,0,0.3,-1.0650849705144678
1.1715999999999998,414.82700000000017,8,0.4444444444444444,-0.728174425114473
1.6033999999999997,153.13699999999997,2,0.5454545454545454,0.30546331048947867
2.805500000000001,120.623,4,0.0,-0.033356076527513705
8.580799999999998,429.77200000000016,1,0.6,-2.9157069181931954
-7.571399999999989,504.43800000000005,8,0.0,1.2598841189880488
10.388599999999993,366.7180000000002,23,0.0,-2.521531124283286
2.829600000000001,253.30499999999995,1,0.631578947368421,-0.13070699899436772
1.81,98.96000000000001,0,0.0,0.8399389632486779
-0.08379999999999999,172.20899999999997,1,0.5454545454545454,0.8160784430362137
4.252800000000004,309.36600000000004,8,0.2727272727272727,-1.6415551388476044
3.644400000000001,290.832,0,0.0,-0.7587158909864268
3.8896000000000033,345.4010000000002,8,0.2727272727272727,-0.5458800506912458
3.6468000000000007,181.44899999999998,0,0.6666666666666666,-0.45330123226688446
2.5529,153.823,0,0.0,0.3531843509144072
2.901600000000001,192.001,1,0.5454545454545454,-0.07153290886745654
2.0915999999999997,128.215,0,0.0,0.8399389632486779
4.269300000000004,302.4580000000001,0,0.0,-0.45282402186263526
1.5758999999999999,180.20699999999997,3,0.46153846153846156,0.41999380750930715
2.832600000000001,112.216,0,0.0,-0.6775901222640484
2.7830000000000004,180.20999999999998,0,1.0,0.1766165013421717
1.4313,88.14999999999999,0,0.0,1.341009887710427
2.728300000000001,148.20499999999998,2,0.5454545454545454,-0.03812818057000645
5.460000000000006,242.44699999999992,14,0.0,-1.8849324450147396
-0.9368000000000001,112.088,0,0.75,0.7454513032073194
-0.0648999999999999,135.13,0,0.9,0.44385432772177136
6.620600000000001,326.437,1,0.7058823529411765,-1.9851466299070895
2.1311,256.30499999999995,4,0.631578947368421,0.21670217529911168
5.640400000000003,252.31599999999997,0,1.0,-2.47190124224136
3.3306000000000013,212.25199999999998,2,0.75,-0.04767238865499216
0.7003999999999997,232.239,2,0.35294117647058826,0.3474578260634158
5.313800000000001,257.547,1,0.8,-1.5461130579977473
2.903500000000001,206.289,2,0.4,-0.23187560469521623
2.0904999999999996,259.762,5,0.375,0.6366473310384826
1.4149,102.17699999999998,2,0.0,0.9592415643109992
1.7397,130.18699999999998,4,0.0,0.6204221772940068
1.7196200000000006,227.13199999999998,3,0.375,-0.08107711695244225
3.7726000000000024,397.52400000000006,10,0.2608695652173913,-0.5487433131167416
2.7307000000000015,98.18900000000001,0,0.0,-0.2194681341847347
0.5694,88.10599999999998,3,0.0,1.2217072866481058
3.118420000000002,134.22199999999995,1,0.6,-0.338770735247056
1.9222,127.574,0,0.75,0.8017621309087352
2.6885000000000012,100.20499999999998,2,0.0,-0.5773759373716985
3.586000000000002,168.195,0,1.0,-0.7396274748164553
2.0576,286.34900000000005,4,0.3157894736842105,-0.17651919780229913
2.7989000000000006,232.20499999999996,1,0.375,-0.18129130184479209
3.3880000000000017,179.22199999999998,0,1.0,-0.2958217988646204
1.9898000000000002,360.45000000000016,2,0.0,-0.028583972485020745
-3.2214000000000005,180.156,1,0.0,1.8086760838747267
1.7006199999999998,108.13999999999999,0,0.75,1.1310373098407418
2.0834,365.84200000000004,3,0.5,-0.2557361249076806
4.195500000000004,404.54700000000025,6,0.0,-1.410108092786701
1.503,168.10799999999995,2,0.5,-0.16220288567482066
1.4951999999999999,262.30899999999997,2,0.0,0.16898113487418312
3.6902000000000026,200.32199999999997,9,0.0,-0.5010222726918128
1.7801,164.208,1,0.5,0.6920037379313996
1.4329,88.14999999999999,3,0.0,1.1405815179257275
0.38710000000000006,60.096000000000004,0,0.0,1.6607408585574484
3.148220000000001,142.201,0,0.9090909090909091,-0.34354283928954893
2.2986000000000004,208.28,0,0.0,0.5488406166566141
4.785200000000005,270.372,5,0.6,-0.6585017060940769
2.1218000000000004,330.3640000000001,9,0.0,-0.15265867758983495
2.4254000000000007,126.58599999999996,1,0.75,0.31500751857446435
0.7614000000000001,70.09100000000001,1,0.0,1.6082477140900269
3.127600000000002,293.548,2,0.4,-0.4170332415439388
4.609840000000004,206.28799999999998,0,0.875,-1.6797319711875471
1.7397,130.18699999999998,4,0.0,0.5631569287840926
2.8699000000000012,338.79500000000013,2,0.4782608695652174,-0.6098262448606501
1.7840999999999998,153.156,1,0.5454545454545454,0.6061058651665283
2.9871000000000016,269.77199999999993,6,0.3333333333333333,-0.10016553312241346
2.1166,82.146,0,0.0,0.2195654377246075
1.7815999999999996,362.4660000000002,2,0.0,-0.019039764400035034
0.4765999999999999,80.08999999999999,0,1.0,1.980471829404469
2.2482000000000006,157.55599999999998,1,0.6,0.06208600432234339
0.5694,88.106,1,0.0,1.3887309281353557
2.2481999999999998,157.55599999999998,1,0.6,0.2386538538945789
4.257200000000004,275.179,4,0.35294117647058826,-0.8207532435388337
1.0257999999999998,256.33099999999996,1,0.29411764705882354,0.5598164559543476
1.5948,123.11099999999996,1,0.6666666666666666,0.5965616570815425
2.2912,204.01000000000002,0,0.8571428571428571,0.0191370679399078
2.7141199999999994,365.8420000000001,2,0.5,-0.34831494333204166
0.5302000000000002,241.24299999999994,6,0.35294117647058826,0.9854881365447099
4.1574000000000035,311.85300000000007,9,0.2857142857142857,-0.5439712090742488
2.699,163.003,0,0.6666666666666666,0.835166859206185
0.9595,102.13299999999998,2,0.0,0.5392964085716284
3.3419000000000016,218.08299999999997,2,0.46153846153846156,0.02390917198240055
0.8334000000000001,253.26900000000003,1,0.8421052631578947,0.30832657291497445
2.1298000000000004,144.21399999999997,5,0.0,0.3340959347444358
-0.46289999999999937,309.529,2,0.0,0.5774732409115712
4.871880000000004,293.41400000000004,4,0.5454545454545454,-1.1548005265133334
1.5208,225.296,5,0.375,0.2730130030005272
3.142800000000002,112.216,5,0.0,-0.66327381013657
1.5772199999999998,107.156,0,0.75,0.8781157955886207
0.7253000000000001,100.14599999999999,0,0.8333333333333334,1.2837446392005132
1.4048,151.165,1,0.5454545454545454,0.5951300258687948
1.5574,102.17699999999999,3,0.0,1.0737720613308277
3.6986000000000017,194.23299999999998,0,0.9333333333333333,-0.8016648273688628
4.301420000000002,192.261,0,0.9333333333333333,-1.8658440288447682
2.611860000000001,120.195,0,0.6666666666666666,-0.07153290886745654
1.77922,208.26099999999997,2,0.4,0.32932383070194304
2.727700000000002,144.258,6,0.0,0.14798387708721455
3.767700000000003,268.36,3,0.6,-0.14311446950484924
1.7656,100.16099999999999,3,0.0,1.059455749203349
2.78888,276.91499999999996,0,0.5454545454545454,-0.13357026141986356
4.660400000000002,223.102,1,0.8571428571428571,-1.5938340984226755
3.3381000000000016,298.367,4,0.7142857142857143,-0.8699059151765104
1.9404,145.161,0,0.9090909090909091,0.24342595793707164
2.620000000000001,235.30800000000002,2,0.375,-0.042900284612499416
1.3424,258.324,3,0.5625,-0.36263125545952035
4.6592,266.33799999999997,0,0.5,-0.5869201454566844
1.5776,129.384,0,0.0,1.030823124948392
0.5009999999999999,198.22199999999998,2,0.0,0.39136118325435004
4.266700000000004,372.5050000000002,3,0.0,-0.753943786943934
0.8548999999999998,150.18099999999998,2,0.5454545454545454,1.0021905006934348
2.7419200000000012,212.67999999999998,1,0.42857142857142855,-0.20658345327000416
3.0185000000000013,249.09699999999998,2,0.4,-0.2585993873331762
1.7015,114.188,0,0.0,1.035595228990885
0.40430000000000027,356.2270000000001,6,0.2857142857142857,0.4276291739772957
1.3498999999999999,242.34400000000002,4,0.0,-0.147886573547342
-0.8561000000000003,222.251,2,0.38461538461538464,0.32932383070194304
1.3003999999999998,139.10999999999999,1,0.6,1.1024046855857845
5.270200000000002,364.914,0,0.0,-1.5542256348699852
0.7968,72.107,0,0.0,1.6893734828124054
1.177,138.126,1,0.6,0.520207992401657
5.967200000000002,291.99199999999996,1,0.75,-2.0185513582045393
3.7878000000000025,308.38100000000003,5,0.5217391304347826,-0.36263125545952035
1.8114200000000005,182.135,2,0.46153846153846156,0.02390917198240055
4.723500000000005,314.46900000000005,1,0.0,-0.6537296020515841
2.2173999999999996,257.76899999999995,6,0.35294117647058826,-0.6494347084133408
3.520900000000001,349.06600000000014,3,0.0,-1.1213957982158838
3.974100000000001,314.802,0,0.6666666666666666,-0.691906434391527
2.4478999999999997,286.718,1,0.6,-0.4303951328629188
1.3510999999999993,238.28699999999995,5,0.0,0.33123267231894016
2.824020000000001,150.22099999999998,1,0.5454545454545454,0.4629427438917427
0.13429999999999997,133.197,0,0.0,0.6108779692090212
1.9879999999999995,302.23800000000006,1,0.7272727272727273,-0.015699291570290194
4.6182,490.6390000000001,0,0.0,-1.0541091312167346
3.6212000000000026,296.5520000000001,4,0.0,-0.8637021799212697
2.3406000000000002,84.162,0,0.0,-0.023811868442527993
7.725599999999999,474.64,1,0.0,-2.0175969373960405
2.8698200000000007,196.68099999999998,2,0.46153846153846156,0.09071862857730052
3.9444000000000026,266.34,0,0.5,-1.045042133535998
2.3392000000000013,130.23100000000002,6,0.0,0.31500751857446435
1.7593999999999999,90.191,2,0.0,0.8160784430362137
1.464,98.96000000000001,1,0.0,0.9496973562260135
2.4138,106.59599999999999,1,0.0,0.2577422700645503
1.6200999999999999,143.411,1,0.0,0.8256226511211994
1.177,138.126,1,0.6,0.3245517266594501
-5.397199999999993,342.297,4,0.0,1.3391010460934303
2.614700000000001,268.32,2,0.6,0.09071862857730052
2.34,112.55899999999997,0,0.8571428571428571,0.3197796226169573
3.5329000000000024,126.243,6,0.0,-0.9543721567286337
3.053700000000001,282.90599999999995,0,0.75,-0.7205390586464839
1.5574,102.17699999999998,2,0.0,1.2837446392005132
3.4193000000000024,148.249,4,0.5454545454545454,-0.7587158909864268
-2.1798,158.117,1,0.0,0.6920037379313996
3.141800000000001,372.80800000000016,6,0.6153846153846154,-0.7257883730932265
5.929000000000003,320.04600000000005,3,0.6666666666666666,-1.9803745258645966
4.450000000000004,330.4680000000001,1,0.0,-1.018318350898038
3.4932000000000016,162.61899999999997,0,0.9090909090909091,-0.4198965039694346
3.4346000000000023,252.31699999999995,1,0.631578947368421,-0.8107318250495988
1.5574,102.17699999999998,3,0.0,1.030823124948392
2.976700000000002,112.21600000000001,2,0.0,-0.8064369314113555
2.669100000000001,244.294,4,0.6111111111111112,-0.8040508793901091
2.6990000000000007,163.00300000000001,0,0.6666666666666666,0.8590273794186494
6.177980000000004,416.30400000000014,6,0.42857142857142855,-2.370255426136263
1.8277999999999999,119.12299999999998,0,1.0,0.9019763158010851
1.1689,88.14999999999999,3,0.0,1.1692141421806845
2.532800000000001,149.237,3,0.5454545454545454,0.009592859854922094
1.9648,114.094,0,0.75,0.5011195762316856
1.1388800000000001,89.525,1,0.0,1.317149367497963
3.2752000000000017,148.249,1,0.5454545454545454,-0.5248827929042774
0.7003999999999997,232.239,2,0.35294117647058826,0.3474578260634158
2.9446000000000003,238.45499999999998,0,0.75,-0.23378444631221337
0.9578999999999998,119.127,0,1.0,1.0833162694158132
2.1183,221.25599999999994,1,0.375,0.11935125283225764
2.00904,122.16699999999999,0,0.6666666666666666,0.8399389632486779
1.0231999999999999,88.14999999999999,1,0.0,1.3696425119653843
2.768300000000001,184.238,2,0.8571428571428571,0.2386538538945789
3.3001000000000023,186.295,8,0.0,-0.7825764111988913
3.144300000000002,297.656,5,0.35294117647058826,-0.6012364575841627
2.0373,137.01999999999998,1,0.0,0.29591910240449293
1.4413,155.966,0,0.0,0.6920037379313996
1.2198399999999998,238.29099999999997,2,0.35294117647058826,0.5249800964441499
2.9616000000000016,165.074,4,0.0,-0.36263125545952035
2.442500000000001,86.178,2,0.0,-0.32922652716207046
5.551820000000002,418.7360000000001,4,0.2222222222222222,-2.0381169847787604
3.1641200000000014,283.7989999999999,6,0.3157894736842105,0.1527559811297075
0.9959,156.09699999999998,2,0.45454545454545453,0.41044959942432147
7.395680000000005,502.9200000000002,8,0.5142857142857142,-2.3635744804767724
-0.6131000000000002,84.082,0,0.8333333333333334,1.7046442157483825
2.4547,252.731,0,0.0,0.5440685126141213
2.1609000000000003,257.437,3,0.0,1.350554095795413
4.236100000000003,367.8160000000001,7,0.42857142857142855,-1.0417016607062528
1.1789,108.13999999999997,1,0.75,1.2646562230305416
3.9668000000000028,292.33400000000006,1,0.7272727272727273,0.10026283666228622
2.1547,173.00900000000001,0,0.75,0.935381044098535
1.7897,122.993,0,0.0,0.6967758419738924
3.0786000000000016,114.23199999999999,1,0.0,-0.8064369314113555
1.4112,213.10499999999996,3,0.4,0.07640231644982184
2.4086000000000007,295.29800000000006,2,0.5454545454545454,-0.35595030980003023
1.4163,44.096999999999994,0,0.0,0.5297522004866427
-0.1303000000000003,209.25299999999996,1,0.4,0.5063688906784277
2.970200000000001,194.23700000000002,0,0.9333333333333333,-0.5582875212017271
5.640400000000003,252.31599999999997,0,1.0,-2.5959759473461745
5.599500000000002,370.49,2,0.6,-1.2483337657461935
2.9384000000000015,154.21199999999996,0,0.8333333333333334,-0.753943786943934
3.878200000000003,393.85400000000016,8,0.2608695652173913,-1.5699735782102113
3.2116000000000007,235.90599999999998,0,0.75,-0.48670596056433457
1.4359999999999997,261.064,1,0.6875,0.10980704474727193
3.0592000000000015,170.211,1,0.9230769230769231,-0.20515182205725627
2.709500000000001,217.26800000000003,2,0.375,0.23388174985208593
1.1664,72.10700000000001,2,0.0,1.0499115411183633
1.0295999999999998,54.09199999999999,0,0.0,0.8637994834611422
0.4283999999999998,162.15200000000002,1,0.8333333333333334,0.9258368360135493
2.3376,130.23099999999997,4,0.0,0.6920037379313996
2.993400000000001,147.00400000000002,0,0.75,-0.10493763716490642
2.0025999999999993,324.33600000000007,4,0.5,-0.6775901222640484
-1.068879999999999,361.4450000000001,8,0.2608695652173913,0.510186573912422
2.4763200000000003,131.17799999999997,0,0.9,0.3006912064469859
0.42839999999999984,162.152,1,0.8333333333333334,0.9258368360135493
1.4502,223.22799999999995,2,0.375,0.7063200500588781
0.37720000000000026,185.22699999999998,2,0.0,0.4295380155942929
0.52988,41.053,0,0.0,1.5796150898350696
3.6038000000000023,301.34200000000004,7,0.5454545454545454,-0.787348515241384
1.9493400000000003,293.34800000000007,3,0.55,-0.25764496652467755
2.5954000000000006,167.85,0,0.0,0.4152217034668142
0.7787999999999999,74.12299999999999,2,0.0,1.4555403847302557
3.386800000000001,232.32700000000003,2,0.35294117647058826,-0.5057943767343059
3.6468000000000007,181.449,0,0.6666666666666666,-0.6823622263065415
1.0920999999999998,96.08499999999998,1,0.7142857142857143,1.407819344305327
1.0248,88.14999999999999,2,0.0,1.2121630785631203
1.2278,150.13299999999998,1,0.5454545454545454,0.677687425803921
1.5824,56.108000000000004,0,0.0,0.3436401428294215
1.4990999999999999,106.12399999999997,1,0.75,0.8876600036736065
2.1386000000000003,82.146,1,0.0,0.3102354145319716
4.057500000000004,410.53600000000023,8,0.21428571428571427,-0.7921206192838769
2.4639000000000006,226.235,0,0.7058823529411765,-0.29677621967311907
3.2578000000000014,166.22299999999998,0,0.9230769230769231,-0.9305116365161695
2.5866000000000007,98.18900000000001,0,0.0,-0.3817196716294918
-0.5594299999999999,214.25,2,0.42857142857142855,0.5058916802741784
1.1788,152.149,1,0.5454545454545454,0.5836769761668119
1.1853,86.134,0,0.0,1.508033529197677
2.419600000000001,246.30599999999995,0,0.0,-0.019039764400035034
-1.6424000000000003,286.28,4,0.3,1.0499115411183633
1.8314,169.993,1,0.0,0.36272855899939294
1.8455999999999997,227.337,5,0.4,0.004820755812429133
0.3887,60.096,1,0.0,1.7514108353648123
3.8384000000000027,330.4680000000001,1,0.0,-0.3659717282892654
1.1673,88.14999999999999,2,0.0,1.317149367497963
2.602900000000001,212.248,3,0.75,0.09549073261979327
2.0090399999999997,122.16699999999999,0,0.6666666666666666,0.8876600036736065
2.2482000000000006,157.55599999999998,1,0.6,0.1336675649597361
1.0666200000000003,203.245,1,0.7333333333333333,1.1577610924787018
5.967200000000002,291.99199999999996,1,0.75,-1.6797319711875471
4.7574,260.762,1,0.0,-0.8923348041762267
2.2356999999999996,241.364,4,0.375,-0.45330123226688446
1.4149,102.17699999999999,3,0.0,1.1167209977132633
0.7282199999999999,146.153,0,0.9090909090909091,1.3982751362203414
4.221000000000004,337.4630000000001,0,0.2,-1.1724573114705572
2.2215,184.01999999999998,2,0.0,0.04299758815237197
3.6023000000000014,207.07,0,0.9090909090909091,-0.6441853939665987
2.2181000000000015,780.9490000000001,7,0.0,-0.4919552750110768
2.705400000000001,146.111,0,0.6,0.2577422700645503
5.160800000000005,334.45600000000024,12,0.25,-1.4764403389773517
4.054500000000002,184.263,0,1.0,-0.6346411858816128
6.620600000000001,326.437,1,0.7058823529411765,-2.2667007684141676
7.274000000000001,360.88200000000006,1,0.6666666666666666,-2.3669149533065172
3.609600000000003,308.3330000000001,4,0.6956521739130435,-0.4022397190122109
2.4536000000000007,214.264,3,0.75,0.5345243045291356
1.2597999999999998,194.18599999999995,2,0.42857142857142855,0.6633711136764425
2.910000000000001,172.26799999999997,7,0.0,-0.16220288567482066
2.4076000000000004,122.258,3,0.0,0.3006912064469859
1.0594000000000001,118.176,5,0.0,1.0880883734583062
4.3002,215.894,0,0.6,-1.197749462895769
2.518,184.242,1,0.8571428571428571,0.16707229325718598
2.752700000000001,98.189,4,0.0,-0.3244544231195775
1.85272,209.29299999999998,5,0.4,0.010547280663420559
1.1849999999999992,226.27599999999995,4,0.0,0.31500751857446435
1.9222,127.574,0,0.75,0.7301805702713424
2.3486000000000002,142.58499999999998,1,0.6666666666666666,0.12889546091724335
3.3716000000000026,203.35099999999997,6,0.0,-0.22901234226972042
0.9595,102.13299999999998,4,0.0,0.8017621309087352
1.5575999999999999,360.4500000000002,2,0.0,-0.06198870078247083
2.1425,163.82899999999998,0,0.0,0.7206363621863567
3.2664000000000017,300.3980000000001,0,0.0,-0.20515182205725627
5.0206000000000035,230.31,2,1.0,-1.937425589482161
1.2047,122.12299999999998,1,0.6666666666666666,0.997418396650942
1.0110999999999999,94.939,0,0.0,1.0785441653733205
3.0893200000000016,379.38100000000003,4,0.5,-0.3578591514170274
4.263000000000003,342.7780000000001,4,0.6666666666666666,-1.3308911656813198
3.4022000000000014,156.22799999999998,1,0.8333333333333334,-0.5916922494991772
-0.33948000000000017,125.13099999999999,0,0.6666666666666666,0.759767615334798
6.620600000000001,326.437,1,0.7058823529411765,-2.3239660169240817
3.5435000000000016,323.133,2,0.75,-0.5535154171592344
-1.7235599999999989,376.36900000000014,5,0.5185185185185185,-0.3029799549283597
2.5882000000000005,175.0,0,0.75,0.16707229325718598
2.699,163.003,0,0.6666666666666666,0.7158642581438638
6.113300000000004,391.2940000000001,6,0.46153846153846156,-1.5465902684019968
1.5810000000000002,331.353,2,0.5217391304347826,-0.5296548969467701
2.3927000000000005,338.36300000000006,5,0.48,-0.886131068920986
1.9505000000000001,70.135,0,0.0,0.1957049175121431
1.57722,107.156,0,0.75,0.4009053913393357
2.4237,148.205,3,0.5454545454545454,0.06208600432234339
2.6670000000000007,279.34,2,0.3,0.05731390027985043
1.8284,70.135,1,0.0,0.1527559811297075
0.7871999999999999,95.101,0,0.8571428571428571,1.9422949970645262
1.0262,30.07,0,0.0,0.806534234951228
2.9934000000000003,147.00399999999996,0,0.75,4.86517699363843e-05
2.585,167.25799999999998,0,0.9,-0.06198870078247083
9.887599999999999,498.66200000000026,1,0.5454545454545454,-4.080100304561451
2.5478000000000005,216.19199999999995,1,0.8125,-0.2929585364391248
-0.5084,59.068,0,0.0,2.209532823444126
3.148220000000002,142.201,0,0.9090909090909091,-0.31013811099209904
3.475500000000002,271.36,5,0.5,-0.24810075843969184
1.4133,102.17699999999999,0,0.0,1.1596699340956989
1.3496000000000001,116.15999999999998,3,0.0,0.806534234951228
2.0119000000000002,172.18299999999996,0,0.46153846153846156,0.009592859854922094
3.993000000000002,178.23399999999998,0,1.0,-1.0545863416209835
1.69844,107.15599999999999,0,0.75,1.636880338344984
2.7293000000000016,144.258,7,0.0,0.0191370679399078
1.7337,173.83499999999998,0,0.0,0.8972042117585922
1.8957000000000002,392.4670000000002,2,0.0,-0.25764496652467755
3.456640000000002,156.228,0,0.8333333333333334,-0.878018492048748
3.4735000000000023,217.378,5,0.0,-0.30059390290711335
-1.0200999999999996,227.08499999999998,8,0.0,0.3961332872968428
1.177,138.126,1,0.6,0.41044959942432147
2.0253,92.56899999999999,2,0.0,0.48680326410420716
2.431,430.9340000000001,6,0.0,-0.5439712090742488
4.738100000000002,329.32099999999997,2,0.75,-0.6656598621578165
4.728400000000002,243.309,0,0.9473684210526315,-1.5031641216153115
3.817400000000003,270.372,0,0.3,-0.43182676407566667
3.3649000000000022,269.373,1,0.631578947368421,-0.7902117776668799
0.4051,58.08,0,0.0,1.1739862462231776
2.3842999999999996,281.271,2,0.5714285714285714,-0.35595030980003023
0.49030000000000007,132.232,2,0.0,0.7588131945262995
3.3523999999999994,197.44799999999998,0,0.6,0.18138860538466464
1.3496000000000001,116.15999999999998,3,0.0,0.8160784430362137
1.2688000000000001,93.12899999999999,0,0.8571428571428571,1.2598841189880488
3.456640000000002,156.228,0,0.8333333333333334,-0.7773270967521487
-0.35129999999999945,297.745,1,0.35294117647058826,0.20047702155463606
3.3236000000000017,152.19599999999994,0,0.8333333333333334,-0.4342128160969131
2.1298000000000004,144.21399999999997,5,0.0,0.8447110672911708
1.1322999999999996,211.26899999999998,5,0.4,0.4610339022747456
5.737200000000003,252.31599999999997,0,1.0,-2.6957129218342746
1.4012,108.966,0,0.0,0.935381044098535
1.8098,82.14599999999999,0,0.0,0.5058916802741784
3.247300000000002,764.9499999999999,7,0.0,-1.0703342849612096
1.9725,70.13499999999999,1,0.0,0.1527559811297075
1.9403999999999995,145.16099999999997,0,0.9090909090909091,0.3006912064469859
2.5654000000000003,132.20599999999996,0,0.6,-0.62986908183912
3.560100000000002,318.32800000000003,2,0.75,0.0716302124073291
3.974100000000001,314.802,0,0.6666666666666666,-1.2168378790657404
4.542900000000002,321.549,4,0.375,-1.2741031275756547
0.74091,142.18300000000002,0,0.6666666666666666,0.2930558399789973
2.1293,164.204,3,0.5,0.7110921541013709
0.5708999999999995,210.23299999999998,3,0.0,0.6404650142724767
4.584000000000002,202.25599999999997,0,1.0,-1.4917110719133289
1.4054,118.176,4,0.0,1.250339910903063
2.6400000000000006,239.702,2,0.375,0.33982245959542723
0.7953999999999999,118.17599999999999,5,0.0,1.255112014945556
4.8618,295.336,1,0.42857142857142855,-1.3218241680005833
3.959100000000003,290.447,0,0.0,-0.6451398147750972
3.514400000000002,312.118,2,0.3157894736842105,-0.47573012126660075
2.2348,129.16199999999998,0,1.0,0.835166859206185
0.5899999999999996,184.147,1,0.46153846153846156,0.8637994834611422
0.7357999999999993,306.276,5,0.7272727272727273,0.5965616570815425
1.7744999999999997,169.567,0,0.8181818181818182,0.10455773030052953
7.9274000000000004,395.3270000000001,1,0.631578947368421,-2.3239660169240817
-2.0785,142.07,0,0.0,0.8590273794186494
1.8540999999999999,112.98700000000001,2,0.0,0.6824595298464139
2.5882000000000005,175.0,0,0.75,0.18138860538466464
3.102500000000001,191.45499999999998,0,0.75,-0.276733382694649
2.2984,86.178,1,0.0,-0.28627759077963466
1.5824,56.108,1,0.0,0.5297522004866427
7.274000000000001,360.88200000000006,1,0.6666666666666666,-2.2094355199042535
-0.6479000000000001,111.104,0,0.75,0.9043623678223315
2.9189,187.37500000000003,1,0.0,0.004820755812429133
0.91998,55.07999999999999,0,0.0,1.5891592979200555
5.929000000000003,320.04600000000005,3,0.6666666666666666,-1.6510993469325899
1.6033999999999997,153.13699999999997,2,0.5454545454545454,0.520207992401657
3.8792000000000026,288.43100000000004,0,0.0,-0.5105664807767988
3.2829000000000024,284.142,1,0.3333333333333333,-0.8350695556663125
6.3282000000000025,276.338,0,1.0,-2.847943040789797
2.7221000000000024,240.21499999999995,4,0.35294117647058826,-0.1574307816323277
0.8497999999999999,196.20199999999997,2,0.0,0.5493178270608634
-1.6681000000000001,92.09400000000001,2,0.0,1.9900160374894549
1.4008,124.13899999999997,1,0.6666666666666666,0.520207992401657
4.718100000000002,350.591,6,0.3333333333333333,-1.2502426073631905
4.301420000000003,192.261,0,0.9333333333333333,-1.355228896298033
1.4844199999999999,188.23000000000002,1,0.7857142857142857,1.7967458237684943
1.4329,88.14999999999999,3,0.0,0.9831020845234634
0.7282199999999998,146.153,0,0.9090909090909091,1.0480026995013663
1.3885999999999998,201.661,4,0.46153846153846156,-0.7157669546039912
0.0944999999999998,87.12199999999999,0,0.0,1.9852439334469623
0.7254999999999998,213.31,3,0.42857142857142855,0.17852534295916883
0.8022,28.053999999999995,0,0.0,1.2646562230305416
1.4149,102.17699999999999,1,0.0,1.2169351826056132
0.3248999999999995,196.20599999999996,3,0.0,0.6853227922719095
3.3524000000000003,197.448,0,0.6,0.18138860538466464
1.6952,108.13999999999997,1,0.75,0.5727011368690783
4.180900000000003,339.21800000000013,4,0.5454545454545454,-0.7062227465190056
1.8457,360.45000000000005,3,0.0,-0.3817196716294918
3.581000000000002,286.331,4,0.5714285714285714,-0.5296548969467701
2.5574200000000005,120.19499999999996,1,0.6666666666666666,-0.028583972485020745
2.5364000000000004,118.24499999999999,2,0.0,0.3865890792118571
1.503,168.10799999999995,2,0.5,0.36272855899939294
5.005300000000004,384.4870000000002,12,0.0,-1.1882052548107835
0.40479999999999994,198.22199999999998,2,0.0,0.4009053913393357
2.560600000000001,402.48700000000025,3,0.0,-0.5535154171592344
0.09201999999999994,171.15599999999998,3,0.4166666666666667,0.8733436915461279
1.9222,127.574,0,0.75,0.6633711136764425
1.8050000000000002,116.20399999999998,3,0.0,0.7301805702713424
1.2795999999999998,68.07499999999999,0,1.0,1.064227853245842
1.8621999999999999,271.39,8,0.3333333333333333,0.058268321088349104
2.0822999999999996,222.33199999999994,1,0.0,-0.05769380714422732
2.9841000000000015,134.22199999999998,0,0.6,-0.2910496948221276
2.966800000000001,322.36400000000003,5,0.5,-0.10493763716490642
2.1284,402.48700000000014,3,0.0,-0.62986908183912
1.0428,74.12299999999999,2,0.0,1.2694283270730344
0.9579,102.133,1,0.0,1.193074662393149
2.4491000000000005,157.01,0,0.8571428571428571,0.2386538538945789
1.5689,166.176,2,0.5,0.3340959347444358
2.782800000000001,352.39000000000004,6,0.46153846153846156,-0.9643935752178691
4.840100000000005,344.4950000000001,2,0.0,-1.107079486088405
6.919200000000002,300.36000000000007,0,1.0,-2.9977871077240725
-0.35380000000000006,136.114,0,0.9,0.37418160870137573
1.3687,62.499,0,0.0,0.6204221772940068
2.9067000000000016,239.318,3,0.6666666666666666,0.03345338006738626
3.1773000000000002,331.62699999999995,0,0.0,-0.042900284612499416
3.1797200000000014,296.374,2,0.5454545454545454,-0.868951494368012
0.5702,147.13299999999998,0,0.5454545454545454,0.21002122963962178
4.0676000000000005,331.202,3,0.8181818181818182,-0.6346411858816128
1.4732,136.14999999999998,1,0.6,0.5727011368690783
-0.9264000000000001,126.115,0,0.6666666666666666,1.0704315885010827
3.493400000000002,324.38000000000005,5,0.5,-0.3244544231195775
5.967200000000002,291.9920000000001,1,0.75,-1.6320109307626185
0.8788,289.7440000000001,2,0.3333333333333333,-0.11448184524989212
3.0869000000000018,233.09799999999998,1,0.42857142857142855,-0.3578591514170274
1.7265,68.11900000000001,0,0.0,0.45339853580675704
-4.819399999999998,286.156,1,0.0,0.5058916802741784
3.7569000000000026,128.259,6,0.0,-1.3504567922555404
2.0456000000000003,128.558,0,0.75,0.9496973562260135
5.454620000000004,242.321,0,0.9473684210526315,-1.6892761792725326
2.0853,122.16699999999996,2,0.6666666666666666,0.3436401428294215
2.2629,176.215,3,0.46153846153846156,0.02390917198240055
1.2534200000000002,216.66799999999998,0,0.42857142857142855,0.27014974057503166
3.037700000000001,315.716,2,0.5454545454545454,-0.21421881973799273
0.6424200000000001,171.22099999999998,1,0.5454545454545454,0.6251942813364997
2.9102000000000006,223.659,2,0.4,0.20668075680987671
3.2227000000000023,114.23199999999999,4,0.0,-0.9686884688561124
6.543980000000005,449.8560000000001,6,0.3870967741935484,-2.4461318804118988
2.0642199999999997,300.3620000000001,2,0.2727272727272727,-0.23283002550371493
3.153800000000002,284.74600000000004,1,0.6,-0.33590747282156036
1.4133,102.17699999999999,2,0.0,1.1214931017557561
3.1003000000000016,308.36100000000005,7,0.3333333333333333,0.35795645495690015
2.1935000000000002,154.253,0,0.0,0.34841224687191447
3.879200000000003,288.431,0,0.0,-0.46284544035187
2.976700000000002,100.205,4,0.0,-0.7062227465190056
2.5454000000000008,144.17299999999997,0,0.9090909090909091,0.3961332872968428
2.832600000000001,112.216,0,0.0,-0.5964643535416699
1.2672999999999996,435.48100000000034,6,0.3225806451612903,-0.28055106592864326
5.244800000000004,254.33199999999997,0,0.9,-2.2905612886266318
5.279700000000005,340.5070000000001,1,0.0,-1.0593584456634764
2.1557000000000004,114.18799999999999,4,0.0,0.7635852985687924
1.24,183.16899999999998,3,0.0,1.7132340030248696
6.694400000000005,314.5220000000001,12,0.0,-0.9973210931110693
0.0011999999999999234,149.149,0,0.0,0.05635947947135196
0.8210000000000011,380.66200000000003,2,0.3,0.1766165013421717
1.9725,70.13499999999999,0,0.0,0.23388174985208593
2.611860000000001,120.195,0,0.6666666666666666,-0.12402605333487783
3.3524000000000003,197.448,0,0.6,0.4009053913393357
3.388000000000001,179.22199999999998,0,1.0,0.12889546091724335
1.9475,116.20399999999998,3,0.0,0.9878741885659563
3.3668000000000022,114.232,5,0.0,-1.045042133535998
3.993000000000002,178.23399999999995,0,1.0,-1.5747456822527042
0.9722000000000002,108.14399999999998,1,0.75,1.4889451130277056
0.5952999999999999,58.08,1,0.0,1.732322419194841
3.120800000000002,112.21600000000001,0,0.0,-0.5248827929042774
0.49099999999999966,208.21699999999996,4,0.0,0.46437437510449064
1.9864,119.37800000000001,0,0.0,0.8972042117585922
0.05860000000000004,128.15599999999998,0,0.75,0.3708411358716307
5.316700000000004,328.84299999999996,4,0.5217391304347826,-1.3671591564042653
2.5067000000000004,96.17300000000002,0,0.0,-0.10493763716490642
2.401700000000001,128.21499999999997,5,0.0,0.43908222367927857
2.8648200000000017,260.24499999999995,2,0.6842105263157895,0.013887753493165398
1.1849999999999992,226.27599999999995,4,0.0,0.18711513023565607
5.640400000000003,252.31599999999997,0,1.0,-2.362142849264025
1.6215,100.16099999999999,3,0.0,0.7301805702713424
1.823,102.17699999999999,4,0.0,0.6824595298464139
4.679800000000005,214.39299999999994,12,0.0,-1.3313683760855688
3.3523999999999994,197.44799999999998,0,0.6,0.1957049175121431
-0.9762,60.056,0,0.0,1.9136623728095692
1.4197,68.11899999999999,1,0.0,0.6729153217614282
3.2116000000000007,235.90599999999998,0,0.75,-0.23378444631221337
6.240200000000008,270.50099999999986,16,0.0,-2.553027010963739
1.6449999999999998,135.16599999999997,1,0.6,0.8208505470787065
1.3295999999999997,300.266,0,0.2727272727272727,0.16707229325718598
-0.3149000000000001,137.14200000000002,1,0.6,1.4598352783684991
3.995,354.8749999999999,0,0.0,-1.1500284224708406
1.2055,116.15999999999998,4,0.0,0.7301805702713424
1.8892,120.15099999999995,1,0.6666666666666666,0.8447110672911708
4.450000000000003,256.308,1,1.0,-1.1213957982158838
2.2039999999999997,182.15599999999998,6,0.0,1.6607408585574484
2.401700000000001,152.237,0,0.0,0.5727011368690783
0.42839999999999984,162.152,1,0.8333333333333334,1.0212789168634062
5.024200000000001,338.876,0,0.0,-1.2359262952357117
0.6715,89.094,1,0.0,1.1596699340956989
3.3211000000000013,167.21099999999998,0,1.0,-1.0593584456634764
-2.3071999999999995,122.11999999999999,3,0.0,1.7895876677047553
1.8356,179.21899999999997,3,0.46153846153846156,0.2854204735110088
1.0536999999999999,223.16499999999996,5,0.0,1.76620435789654
-0.577,99.089,0,0.0,1.5987035060050412
2.6885000000000012,100.20499999999998,2,0.0,-0.5869201454566844
1.74462,316.4270000000001,8,0.2857142857142857,-0.5296548969467701
2.759900000000001,270.361,1,0.631578947368421,-0.7558526285609314
3.4590000000000023,239.274,1,0.6666666666666666,-0.30059390290711335
1.1869,86.134,0,0.0,1.4412240726027772
2.1999000000000004,96.17299999999999,3,0.0,0.0191370679399078
3.3103000000000025,244.28999999999994,3,0.5555555555555556,-0.60314529920116
5.553220000000004,268.3589999999999,0,0.8571428571428571,-2.3239660169240817
1.8633,150.177,2,0.5454545454545454,0.34841224687191447
1.8812,92.569,1,0.0,0.5011195762316856
3.6126000000000023,296.41,0,0.2727272727272727,-0.5964643535416699
4.080300000000003,214.34899999999996,10,0.0,-0.7825764111988913
2.539600000000001,118.24499999999999,4,0.0,0.22433754176710025
5.146200000000003,228.29399999999998,0,1.0,-2.6484690918135954
2.5715000000000012,151.047,3,0.0,-0.014267660357542285
2.752700000000001,98.18899999999998,3,0.0,-0.3674033595020131
0.09201999999999994,171.15599999999998,3,0.4166666666666667,0.8542552753761565
3.7569000000000026,140.26999999999998,4,0.0,-1.4458988731053974
7.274000000000001,360.88200000000006,1,0.6666666666666666,-2.085360814799439
0.4047999999999994,198.22199999999998,2,0.0,0.43049243640279133
2.376500000000001,133.405,0,0.0,0.5011195762316856
2.365100000000001,214.652,2,0.42857142857142855,0.2291096458095932
0.3029,196.206,0,0.0,-0.004723452272556577
1.9576,211.26099999999994,1,0.0,1.0499115411183633
2.7575200000000013,171.03700000000003,0,0.75,-0.06676080482496358
1.0428000000000002,74.123,2,0.0,1.4125914483478201
2.880000000000001,330.17100000000005,2,0.2857142857142857,-0.6327323442646158
4.148200000000004,335.28200000000004,7,0.2608695652173913,-1.1834331507682907
2.3174600000000005,136.194,0,0.6,0.4772590560192214
1.6866,78.11399999999999,0,1.0,0.6729153217614282
2.944600000000001,238.45499999999998,0,0.75,-0.46761754439436315
2.4421,228.67899999999997,2,0.4,0.2319729082350888
2.666800000000001,211.69200000000004,3,0.42857142857142855,0.2720585821920288
2.3296,104.15199999999997,1,0.75,0.10980704474727193
0.23670000000000002,76.095,2,0.0,1.6846013787699126
2.30344,106.16799999999999,0,0.75,0.11935125283225764
0.7771999999999999,74.12299999999999,1,0.0,1.6798292747274195
1.0977999999999999,110.11199999999998,0,0.75,1.3744146160078772
2.5800000000000005,288.387,0,0.2857142857142857,-0.9090371683249517
4.411000000000002,216.283,0,0.9411764705882353,-2.3812312654339958
-1.1742,100.077,0,0.0,1.2646562230305416
3.220600000000001,194.27399999999992,5,0.42857142857142855,0.2195654377246075
1.7553,162.27899999999997,5,0.0,1.059455749203349
4.4311200000000035,362.77100000000013,6,0.45454545454545453,-1.1128060109393967
5.763040000000004,256.348,0,0.9,-1.8897045490572324
3.636800000000003,476.5850000000002,6,0.0,-0.7921206192838769
-1.7672000000000003,168.112,0,0.75,-0.4198965039694346
4.005799999999999,231.89299999999997,0,0.5454545454545454,-0.023811868442527993
2.993400000000001,147.004,0,0.75,0.004820755812429133
6.495500000000002,354.491,2,0.631578947368421,-1.9565140056521326
0.8154,102.13299999999998,3,0.0,0.9735578764384779
2.408500000000001,124.208,1,0.75,0.31500751857446435
3.5275200000000018,322.29,1,0.5217391304347826,-0.5520837859464864
2.5866000000000007,86.178,3,0.0,-0.3769475675869988
0.8681999999999999,137.138,1,0.6,1.2360235987755845
1.6254,421.4220000000001,3,0.4444444444444444,-0.25764496652467755
7.274,360.88200000000006,1,0.6666666666666666,-2.2762449764991532
3.4213000000000022,286.11400000000003,2,0.3333333333333333,-0.8947208561974731
1.6708799999999997,240.698,4,0.375,-0.04767238865499216
5.146200000000003,228.29399999999998,0,1.0,-1.7541767942504354
4.604600000000004,266.34,3,0.6,-0.9066511163037053
6.433000000000007,390.5640000000003,14,0.21428571428571427,-1.8658440288447682
1.644,107.15599999999998,1,0.75,1.6989176908973909
3.651200000000001,380.784,5,0.0,0.3675006630418859
3.353600000000002,154.21199999999996,1,1.0,-0.6179388217328877
7.274000000000001,360.88200000000006,1,0.6666666666666666,-2.7009622362810175
0.0696000000000001,210.285,3,0.4,-0.14979541516433914
1.8034,116.20399999999998,2,0.0,1.0165068128209134
0.6929999999999998,210.23299999999998,0,0.0,-0.056262175931479405
-3.2197999999999998,180.156,2,0.0,1.7609550434497983
2.0090399999999997,122.16699999999997,0,0.6666666666666666,0.7874458187812566
3.130700000000001,258.104,2,0.375,-0.62986908183912
2.2984,169.611,1,0.5454545454545454,0.09883120544953831
7.9274000000000004,395.3270000000001,1,0.631578947368421,-2.8107206292583524
2.442500000000001,86.17799999999998,0,0.0,-0.23855655035470613
1.7283,107.15599999999998,1,0.75,0.8447110672911708
1.7485,68.119,2,0.0,0.45817063984925
2.3524000000000003,404.5030000000002,3,0.0,-0.8732463880062553
1.5170200000000003,198.134,2,0.42857142857142855,0.7607220361432967
3.101300000000001,321.163,1,0.5714285714285714,-0.2643259121841677
2.0456,128.558,0,0.75,1.1214931017557561
3.102500000000001,191.45499999999998,0,0.75,-0.07630501290994929
-0.06089999999999923,295.72900000000004,1,0.35294117647058826,4.86517699363843e-05
-0.2313000000000005,170.16799999999998,1,0.0,0.8695260083121337
1.0576999999999999,138.16599999999997,3,0.6,1.1214931017557561
3.277400000000002,168.239,2,0.9230769230769231,-0.4914780646068273
2.3376,130.23099999999997,5,0.0,0.5106637843166713
5.340800000000003,421.7340000000001,6,0.42857142857142855,-1.779946156079897
2.1655999999999995,229.71500000000003,4,0.4,-0.6585017060940769
1.4149,102.17699999999999,3,0.0,0.9258368360135493
1.9475000000000002,116.20399999999998,3,0.0,0.9401531481410278
2.2490000000000006,106.16799999999996,1,0.75,0.1336675649597361
1.1050999999999993,224.25999999999996,3,0.0,0.38038534395661644
5.2415,373.3209999999999,0,0.0,-1.558997738912478
1.6836,303.156,4,0.0,0.19236444468239827
5.268980000000004,349.43000000000006,5,0.46153846153846156,-1.4196523008716868
5.062000000000006,310.47800000000007,10,0.0,-1.0211816133235339
0.9595,102.133,2,0.0,1.1405815179257275
2.2340999999999998,241.364,5,0.375,-0.5010222726918128
2.825400000000001,236.702,2,0.375,-0.40558019184195593
3.456640000000002,156.22799999999998,0,0.8333333333333334,-0.7968927233263696
5.313800000000001,257.547,1,0.8,-1.5270246418277758
7.274000000000001,360.88200000000006,1,0.6666666666666666,-2.0710445026719606
-1.2591199999999998,84.082,0,0.0,1.3076051594129772
1.5908000000000002,164.375,0,0.0,0.5011195762316856
4.660400000000003,223.102,1,0.8571428571428571,-1.0307258214085193
1.5076999999999998,136.14999999999998,2,0.6,0.744496882398821
1.5531999999999997,180.16299999999998,2,0.46153846153846156,0.17088997649118026
2.5199000000000007,158.24099999999999,6,0.0,0.14798387708721455
1.3505999999999998,151.165,1,0.5454545454545454,0.964013668353492
1.5629,118.13899999999998,0,1.0,0.42476591155179994
2.4188000000000005,434.50400000000025,2,0.0,-0.6012364575841627
-0.7716000000000003,151.129,0,0.8181818181818182,-0.2543044936949327
0.1792999999999999,74.07900000000001,0,0.0,1.6750571706849267
3.9591000000000034,290.44699999999995,0,0.0,-0.8078685626241034
1.3334,100.16099999999999,3,0.0,1.1739862462231776
4.289400000000002,511.5810000000002,5,0.6153846153846154,-0.4203737143736838
2.603200000000001,130.231,6,0.0,0.5727011368690783
3.8996000000000035,186.33899999999997,10,0.0,-0.8350695556663125
1.6287999999999996,313.36100000000005,4,0.5217391304347826,-0.147886573547342
1.5574,102.17699999999998,2,0.0,1.2217072866481058
-0.5088000000000001,129.09399999999997,0,0.6666666666666666,0.9916918717999507
3.8884000000000034,293.40700000000004,9,0.2857142857142857,-0.3769475675869988
2.3376000000000006,130.231,4,0.0,0.6347384894214854
3.5371200000000025,162.27599999999998,0,0.5,-1.0402700294935052
2.824020000000002,150.22099999999998,1,0.5454545454545454,0.3961332872968428
0.41979999999999984,132.12599999999998,0,1.0,1.4650845928152414
3.2711000000000023,291.26500000000004,7,0.3333333333333333,-0.7682600990714127
0.6361,16.043,0,0.0,1.026051020905899
1.6545999999999998,119.16699999999999,0,0.6666666666666666,0.9592415643109992
2.748000000000001,173.171,1,0.7692307692307693,-0.23378444631221337
1.6215,100.16099999999999,2,0.0,1.1358094138832346
-0.3593,151.129,0,0.8181818181818182,-0.16745220012156264
7.183700000000006,527.4140000000002,6,0.8,-0.6656598621578165
-0.10710000000000008,61.040000000000006,0,0.0,1.5796150898350696
4.843900000000003,304.66999999999996,4,0.0,-0.8732463880062553
2.1386000000000003,82.14599999999999,3,0.0,0.1766165013421717
2.1678999999999995,117.15099999999997,0,1.0,0.7301805702713424
4.087400000000003,286.415,0,0.0,-0.3053660069496061
2.3626000000000005,84.16199999999999,3,0.0,-0.085849220994935
2.5621400000000008,354.8150000000001,3,0.5217391304347826,-0.35308704737453467
2.976700000000002,112.21600000000001,1,0.0,-0.5726038333292057
2.935900000000001,142.242,6,0.0,0.22433754176710025
2.972200000000001,295.298,3,0.6818181818181818,-0.39603598375697024
3.2969000000000017,213.66400000000002,2,0.42857142857142855,-0.1574307816323277
2.878000000000001,288.73800000000006,1,0.6,-0.5077032183513029
2.5580000000000007,201.225,1,0.6666666666666666,-0.0829859585694394
0.24939999999999998,26.037999999999997,0,0.0,1.5939314019625483
1.69844,107.15599999999998,0,0.75,1.636880338344984
1.8926,80.12999999999998,0,0.0,0.47248695197672846
2.6320000000000006,329.3800000000001,8,0.0,0.253924586830556
1.7399,122.16699999999996,1,0.6666666666666666,1.0165068128209134
1.8525,112.98700000000001,1,0.0,0.6920037379313996
2.3218000000000005,126.19899999999998,4,0.0,0.2816027902770145
3.7702000000000027,274.413,9,0.0,-0.5630596252442203
4.840100000000005,344.4950000000001,1,0.0,-1.0660393913229664
5.313800000000001,257.547,1,0.8,-1.4745314973603543
3.5801000000000016,310.687,2,0.5714285714285714,-1.41726624885044
5.144700000000002,289.54499999999996,2,0.7058823529411765,-0.6728180182215556
6.433000000000008,390.5640000000002,14,0.21428571428571427,-1.7117050682722494
2.666700000000002,346.46700000000016,2,0.0,-0.09062132503742795
2.611860000000001,120.19499999999998,0,0.6666666666666666,-0.16697498971731342
6.721200000000008,390.56400000000036,16,0.21428571428571427,-0.9853908330048374
5.069900000000006,228.41999999999993,13,0.0,-1.5747456822527042
5.967200000000002,291.99199999999996,1,0.75,-2.0710445026719606
-0.6214000000000004,156.141,0,0.0,0.6242398605280012
1.8298,169.993,0,0.0,0.45817063984925
1.503,168.10799999999995,2,0.5,-0.023811868442527993
1.2314,86.13399999999999,1,0.0,1.3982751362203414
6.487600000000007,226.44799999999992,13,0.0,-2.553027010963739
2.7441000000000013,154.253,0,0.0,0.6251942813364997
2.25242,189.24300000000002,0,0.9230769230769231,0.46771484793423573
2.5458000000000007,128.21499999999997,5,0.0,0.4772590560192214
2.910000000000001,172.268,7,0.0,-0.1574307816323277
1.9647999999999999,114.094,0,0.75,0.5154358883591641
0.08779999999999949,258.233,1,0.3157894736842105,0.17852534295916883
4.148200000000004,335.28200000000004,7,0.2608695652173913,-1.255014711405683
-0.0014000000000000123,46.069,0,0.0,1.980471829404469
-0.08720000000000011,182.179,0,0.0,0.334573145148685
1.7597,236.271,4,0.35294117647058826,0.582245344954064
5.760500000000005,350.4580000000001,6,0.46153846153846156,-1.045042133535998
2.3705,198.30999999999992,1,0.0,0.39708770810534144
6.222999999999999,545.5460000000002,0,0.0,-1.7894903641648825
3.741800000000003,193.128,6,0.0,-0.9591442607711265
2.572400000000001,290.323,4,0.42857142857142855,-0.8746780192190031
1.55042,231.299,2,0.6470588235294118,1.281835797583516
1.1673,88.15,2,0.0,1.341009887710427
1.90322,137.138,1,0.6,0.2672864781495358
1.4149,102.17699999999999,3,0.0,0.9115205238860707
2.607400000000001,314.42500000000007,0,0.0,-0.7253111626889771
4.3991000000000025,428.12000000000006,4,0.5454545454545454,-0.8971069082187194
1.4681,221.647,1,0.8,0.08212884130081327
1.1673,88.14999999999998,1,0.0,1.5271219453676483
1.7006199999999998,108.13999999999999,0,0.75,1.1071767896282776
0.17930000000000001,74.07900000000001,2,0.0,1.5271219453676483
1.7526,121.18299999999995,1,0.6666666666666666,0.5392964085716284
3.3668000000000022,138.254,0,0.0,-1.0211816133235339
1.7163,90.19099999999999,2,0.0,0.4152217034668142
5.737200000000003,252.31599999999997,0,1.0,-2.2667007684141676
3.0682,165.834,0,0.0,0.24342595793707164
1.3755,86.134,2,0.0,1.3219214715404557
0.6959799999999999,53.06399999999999,0,0.0,1.5271219453676483
1.8436999999999997,410.4570000000002,2,0.0,-1.2230416143209815
1.7656,100.16099999999999,3,0.0,1.0737720613308277
1.5223999999999998,225.296,4,0.375,-0.09014411463317852
3.2227000000000023,114.23199999999999,4,0.0,-1.006865301196055
1.7762,187.862,1,0.0,0.6538269055914568
2.528200000000001,193.24599999999998,2,0.42857142857142855,0.0892869973645526
0.5808999999999999,214.20600000000002,2,0.35714285714285715,-0.08107711695244225
4.411000000000003,216.283,0,0.9411764705882353,-1.7322251156549682
2.3486000000000002,142.58499999999998,1,0.6666666666666666,0.2816027902770145
4.652000000000002,366.0,4,0.375,-1.45067097714789
2.8260000000000005,332.57000000000005,3,0.3,-0.9448279486436482
5.929000000000003,320.04600000000005,3,0.6666666666666666,-1.9803745258645966
0.34539999999999993,86.09,1,0.0,1.350554095795413
4.225800000000003,290.75,3,0.6,-0.878018492048748
4.102000000000002,182.226,2,0.8571428571428571,-0.6680459141790628
3.118420000000002,134.22199999999998,1,0.6,-0.34354283928954893
2.699,163.003,0,0.6666666666666666,0.6013337611240355
-5.395599999999993,342.297,5,0.0,1.8325366040871909
-3.8346000000000005,180.156,0,0.0,1.6225640262175054
-2.2130999999999985,254.24599999999995,3,0.5,1.3744146160078772
0.909,323.13200000000006,6,0.3,0.44814922136001484
1.9475,116.204,3,0.0,1.0499115411183633
4.483900000000005,306.51500000000004,0,0.0,-1.1261679022583764
3.2116000000000007,235.90599999999998,0,0.75,-0.21469603014224198
3.3523999999999994,197.44799999999998,0,0.6,0.3388680387869287
1.7768000000000002,346.3650000000001,8,0.2608695652173913,-1.006865301196055
3.2071000000000023,255.29199999999997,2,0.631578947368421,-0.8345923452620634
1.8675,114.18799999999997,2,0.0,0.835166859206185
1.3510999999999993,238.28699999999998,3,0.0,0.21813380651185957
1.5528,262.261,1,0.0,0.05111016502460977
-1.0293,194.19399999999996,0,0.6428571428571429,1.037504070607882
4.852300000000005,416.58300000000025,1,0.0,-0.5358586322020108
2.0090399999999997,122.16699999999999,0,0.6666666666666666,0.7969900268662423
3.478900000000002,170.211,2,0.9230769230769231,-0.4342128160969131
7.274000000000001,360.88200000000006,1,0.6666666666666666,-2.6293806756436244
0.18050000000000016,122.12699999999997,1,0.6666666666666666,1.7466387313223195
1.9752999999999996,110.18099999999997,0,0.8571428571428571,0.44385432772177136
2.02164,179.219,1,0.46153846153846156,0.2238603313628508
5.682800000000001,409.7819999999999,0,0.0,-1.8181229884198398
1.6274,94.20400000000001,1,0.0,0.7683574026112853
0.7855000000000001,121.13899999999995,1,0.6666666666666666,0.997418396650942
3.1025,191.45499999999998,0,0.75,-0.06676080482496358
-2.884799999999998,446.40500000000003,6,0.1935483870967742,1.1014502647772861
1.9475,116.20399999999998,4,0.0,0.7540410904838066
2.817140000000001,268.32,1,0.6,-0.7176757962209881
2.699,163.003,0,0.6666666666666666,0.8160784430362137
4.301420000000003,192.261,0,0.9333333333333333,-1.3361404801280616
2.1951000000000005,130.231,5,0.0,0.4486264317642643
4.277400000000004,270.225,4,0.0,-0.5897834078821802
1.99502,92.14099999999999,0,0.8571428571428571,0.4009053913393357
3.5617,230.909,0,0.5454545454545454,-0.338770735247056
2.5067000000000004,96.173,0,0.0,-0.06198870078247083
2.0608,240.44400000000002,0,0.0,-0.40558019184195593
2.8103000000000007,352.7700000000001,3,0.25,-0.09348458746292378
3.119400000000002,158.285,8,0.0,-0.276733382694649
2.832600000000001,100.20499999999998,2,0.0,-0.5630596252442203
1.9881999999999997,287.34299999999996,8,0.0,2.001469087191438
4.0058,231.893,0,0.5454545454545454,-0.04767238865499216
0.9854,72.107,2,0.0,1.4507682806877629
2.466500000000001,434.5040000000003,3,0.0,-0.8827905960912412
1.8064,58.123999999999995,1,0.0,0.2291096458095932
1.4008,124.13899999999997,1,0.6666666666666666,0.520207992401657
2.923300000000001,376.46800000000013,1,0.0,-0.5005450622875638
3.1603000000000003,202.29500000000002,0,0.0,0.21479333368211453
2.04,222.23999999999995,4,0.375,0.3340959347444358
0.6347,74.12299999999999,1,0.0,1.5032614251551841
2.8851000000000013,134.22199999999998,2,0.6,-0.5105664807767988
1.8139,267.835,0,0.0,0.3388680387869287
1.9475,116.204,4,0.0,0.7874458187812566
1.7397,130.18699999999998,4,0.0,0.5536127206991069
4.0058,231.893,0,0.5454545454545454,-0.15265867758983495
2.639100000000001,120.19499999999995,2,0.6666666666666666,-0.15265867758983495
2.6495999999999995,170.92000000000002,1,0.0,0.14798387708721455
0.7614000000000001,70.09100000000001,1,0.0,1.6082477140900269
0.22960000000000003,116.16399999999999,0,0.0,1.9041181647245835
2.9202800000000018,134.22199999999998,0,0.6,-0.7348553707739626
4.0633000000000035,340.4630000000001,1,0.0,-0.8350695556663125
2.5801000000000007,299.28800000000007,5,0.3157894736842105,-0.14311446950484924
2.6445,213.23600000000002,2,0.75,-0.25764496652467755
3.0988000000000016,223.79399999999998,4,0.0,-0.16220288567482066
1.2451,64.515,0,0.0,0.9496973562260135
2.52334,310.297,3,0.3,-0.09062132503742795
2.997200000000001,285.343,3,0.2857142857142857,-0.19560761397227056
1.9725,70.135,1,0.0,0.24342595793707164
2.1075,218.32199999999997,3,0.0,0.6824595298464139
1.0831,224.25999999999996,0,0.0,0.032498959258887586
3.999800000000003,263.381,1,0.3157894736842105,-0.567831729286713
2.2155000000000005,288.255,1,0.5714285714285714,-0.27196127865215625
2.917600000000001,182.222,2,0.8571428571428571,-0.033356076527513705
8.048000000000007,282.5559999999999,17,0.0,-2.444223038794902
3.1256000000000013,184.242,3,0.8571428571428571,0.06208600432234339
1.4149,102.17699999999999,3,0.0,0.8972042117585922
0.7871999999999999,95.10099999999998,0,0.8571428571428571,1.9422949970645262
1.9352,96.94400000000002,0,0.0,0.835166859206185
2.1965000000000003,84.162,0,0.0,-0.11925394929238488
1.4133,102.17699999999998,2,0.0,1.0737720613308277
2.9595200000000013,254.28900000000002,0,0.631578947368421,-0.41894208316093595
1.0248,88.14999999999999,0,0.0,1.2646562230305416
3.1243000000000016,293.754,4,0.55,-0.26718917460966324
1.41762,231.25500000000002,4,0.6470588235294118,0.28112557987276526
1.1923000000000001,42.080999999999996,0,0.0,0.9401531481410278
3.9954000000000023,269.127,2,0.7058823529411765,-0.430872343267168
3.8659000000000017,300.314,4,0.5454545454545454,-0.7548982077524324
2.4620000000000006,208.21599999999998,0,0.75,-1.0211816133235339
2.3376000000000006,130.231,5,0.0,0.45817063984925
1.3016,267.306,2,0.3333333333333333,0.3670234526376364
3.0292000000000012,134.22199999999998,3,0.6,-0.4819338565218414
-1.6476000000000002,114.05999999999999,0,0.0,1.2646562230305416
5.630000000000004,466.47900000000016,10,0.4444444444444444,-1.520820906572535
0.9242000000000007,338.7720000000001,2,0.5454545454545454,-0.19131272033402702
1.2055,116.15999999999998,2,0.0,0.8781157955886207
2.6885000000000012,100.20499999999998,0,0.0,-0.6250969777966272
7.9274000000000004,395.3270000000001,1,0.631578947368421,-2.199891311819268
1.4299600000000001,128.13399999999996,0,0.6,0.3197796226169573
1.90322,137.138,1,0.6,0.2911469983620002
2.5084999999999997,197.381,0,0.0,0.6395105934639783
0.10709999999999997,219.266,1,0.0,1.5061246875806797
2.990000000000001,246.35899999999998,7,0.0,-0.01951697480428448
2.0524,72.151,1,0.0,-0.06198870078247083
5.6015000000000015,365.96400000000006,5,0.3157894736842105,-0.7024050632850114
